City_ID,City,Country,Lat,Lng,Max Temp,Humidity,Cloudiness,Wind Speed,Current Description
0,Pochutla,MX,15.7432,-96.4661,88.83,40,72,12.48,broken clouds
1,Kihei,US,20.785,-156.4656,87.82,51,20,13.8,few clouds
2,Kodiak,US,57.79,-152.4072,47.71,76,100,17.27,overcast clouds
3,Mount Gambier,AU,-37.8333,140.7667,40.91,100,13,0.0,few clouds
4,Kapaa,US,22.0752,-159.319,80.58,78,20,9.22,light rain
5,Vaini,TO,-21.2,-175.2,80.76,78,20,6.91,few clouds
6,Plettenberg Bay,ZA,-34.0527,23.3716,56.43,80,88,6.87,light rain
7,Khasan,RU,42.4308,130.6434,55.49,78,28,2.75,scattered clouds
8,Tingi,TZ,-11.3,35.0333,61.47,95,63,4.61,broken clouds
9,Dolores,AR,-36.3132,-57.6792,53.11,64,97,5.97,overcast clouds
10,Guarapari,BR,-20.6667,-40.4975,68.31,68,0,7.76,clear sky
11,Alyangula,AU,-13.8483,136.4192,80.15,71,0,13.94,clear sky
12,Mataura,NZ,-46.1927,168.8643,46.47,91,99,13.42,light rain
13,Lata,PT,40.1629,-8.3327,71.58,50,100,3.27,overcast clouds
14,Yellowknife,CA,62.456,-114.3525,61.32,18,75,12.66,broken clouds
15,Butaritari,KI,3.0707,172.7902,81.14,72,20,17.4,few clouds
16,Bluff,NZ,-46.6,168.3333,46.8,77,97,33.02,overcast clouds
17,Lapithos,CY,35.3375,33.1792,64.69,50,0,6.22,clear sky
18,Jamestown,US,42.097,-79.2353,78.39,80,75,12.66,broken clouds
19,Mendoza,AR,-32.8908,-68.8272,56.73,51,77,2.3,broken clouds
20,Ushuaia,AR,-54.8,-68.3,44.26,70,20,5.75,few clouds
21,Vao,NC,-22.6667,167.4833,74.01,88,100,29.26,overcast clouds
22,Nome,US,64.5011,-165.4064,64.47,35,0,21.85,clear sky
23,Sioux Lookout,CA,50.1001,-91.917,35.67,93,100,10.36,light shower sleet
24,Rikitea,PF,-23.1203,-134.9692,73.29,78,100,3.71,light rain
25,Punta Arenas,CL,-53.15,-70.9167,42.91,87,100,8.05,light rain
26,Riberalta,BO,-10.9833,-66.1,80.8,41,26,0.0,scattered clouds
27,Cherskiy,RU,68.75,161.3,52.77,46,8,15.86,clear sky
28,Lichinga,MZ,-13.3128,35.2406,57.43,96,100,5.7,overcast clouds
29,Russell,US,32.3502,-85.1999,83.8,57,0,4.61,clear sky
30,Beloha,MG,-25.1667,45.05,69.17,50,77,5.88,broken clouds
31,Caravelas,BR,-17.7125,-39.2481,68.49,68,2,6.55,clear sky
32,Dikson,RU,73.5069,80.5464,27.79,88,100,5.39,overcast clouds
33,Cabo San Lucas,MX,22.8909,-109.9124,85.6,44,0,11.5,clear sky
34,Narsaq,GL,60.9167,-46.05,52.02,71,19,5.46,few clouds
35,Cape Town,ZA,-33.9258,18.4232,55.11,87,20,1.14,few clouds
36,Iqaluit,CA,63.7506,-68.5145,29.93,86,100,10.36,light snow
37,Ahipara,NZ,-35.1667,173.1667,59.41,62,99,14.5,overcast clouds
38,Arraial Do Cabo,BR,-22.9661,-42.0278,66.06,82,20,16.11,mist
39,Jijiga,ET,9.35,42.8,66.69,53,100,7.49,overcast clouds
40,Qaanaaq,GL,77.484,-69.3632,16.29,84,24,1.79,few clouds
41,Ola,RU,59.5833,151.2833,39.15,97,100,20.04,light rain
42,Touros,BR,-5.1989,-35.4608,78.94,82,75,7.38,broken clouds
43,Bathsheba,BB,13.2167,-59.5167,83.01,74,20,19.57,few clouds
44,Torbay,CA,47.6666,-52.7314,49.87,64,75,11.5,broken clouds
45,Provideniya,RU,64.3833,-173.3,47.7,56,35,10.45,scattered clouds
46,Bredasdorp,ZA,-34.5322,20.0403,50.95,79,6,4.88,clear sky
47,Magnolia,US,33.2671,-93.2393,89.29,30,0,11.54,clear sky
48,Deputatskiy,RU,69.3,139.9,30.2,100,100,0.56,light snow
49,Attur,IN,11.6,78.6167,77.56,81,62,6.93,broken clouds
50,Victoria,HK,22.2855,114.1577,78.33,82,16,3.0,few clouds
51,Sandi,IN,27.3,79.95,91.08,23,68,5.21,broken clouds
52,Palembang,ID,-2.9167,104.7458,78.89,89,20,0.0,few clouds
53,Port Macquarie,AU,-31.4333,152.9167,58.89,81,98,7.38,overcast clouds
54,Grindavik,IS,63.8424,-22.4338,52.27,76,75,8.05,broken clouds
55,Yar-Sale,RU,66.8333,70.8333,33.13,89,100,20.31,light snow
56,Albany,US,42.6001,-73.9662,75.63,65,99,5.99,overcast clouds
57,Hermanus,ZA,-34.4187,19.2345,57.87,69,65,1.68,broken clouds
58,Port Alfred,ZA,-33.5906,26.891,61.88,70,100,4.45,overcast clouds
59,Husavik,IS,66.0449,-17.3389,50.23,71,89,4.23,overcast clouds
60,Salalah,OM,17.0151,54.0924,84.29,84,75,4.61,broken clouds
61,Sao Filipe,CV,14.8961,-24.4956,73.62,73,79,10.02,broken clouds
62,Lorengau,PG,-2.0226,147.2712,82.38,78,94,10.33,light rain
63,Tiksi,RU,71.6872,128.8694,31.71,84,100,7.34,overcast clouds
64,Haines Junction,CA,60.7522,-137.5108,58.95,31,4,2.3,clear sky
65,Tuktoyaktuk,CA,69.4541,-133.0374,39.2,70,75,9.22,broken clouds
66,Mabopane,ZA,-25.4977,28.1007,57.67,85,100,5.35,light rain
67,Hobart,AU,-42.8794,147.3294,42.26,93,75,8.05,broken clouds
68,Busselton,AU,-33.65,115.3333,55.63,82,4,9.15,clear sky
69,Laguna De Duero,ES,41.5815,-4.7233,72.95,64,0,4.61,clear sky
70,Northam,GB,51.0333,-4.2167,53.62,90,8,13.82,clear sky
71,Evensk,RU,61.95,159.2333,42.22,73,68,11.34,broken clouds
72,Los Llanos De Aridane,ES,28.6585,-17.9182,65.95,93,40,16.11,scattered clouds
73,Saskylakh,RU,71.9167,114.0833,31.01,86,100,4.03,overcast clouds
74,Hasaki,JP,35.7333,140.8333,68.29,74,100,9.04,overcast clouds
75,Lumeje,AO,-11.55,20.7833,64.83,46,0,0.76,clear sky
76,Pangnirtung,CA,66.1451,-65.7125,35.49,86,100,1.5,overcast clouds
77,Flinders,AU,-34.5833,150.8552,55.38,92,97,4.0,light rain
78,Verkh-Usugli,RU,52.7,115.1667,49.75,44,9,2.24,clear sky
79,Labuhan,ID,-6.8844,112.2051,77.0,88,100,6.78,light rain
80,Mahebourg,MU,-20.4081,57.7,75.25,83,40,6.91,scattered clouds
81,La Ronge,CA,55.1001,-105.2842,50.25,23,75,17.27,broken clouds
82,Aban,RU,56.67,96.06,52.93,55,18,5.84,few clouds
83,Clarence Town,AU,-32.5833,151.7833,57.85,93,90,1.45,light rain
84,Upernavik,GL,72.7868,-56.1549,28.72,83,68,11.03,broken clouds
85,Lodja,CD,-3.4833,23.4333,73.26,82,100,2.75,overcast clouds
86,Takoradi,GH,4.8845,-1.7554,79.21,84,100,10.67,moderate rain
87,Dale,US,38.1689,-86.99,89.31,45,0,20.71,clear sky
88,Derac,HT,19.65,-71.8167,84.33,70,81,11.61,broken clouds
89,Bubaque,GW,11.2833,-15.8333,79.2,80,6,18.21,clear sky
90,Tura,IN,25.5198,90.2201,71.28,96,90,2.51,light rain
91,Nola,IT,40.922,14.5329,67.62,63,19,2.28,few clouds
92,Elko,US,41.0002,-115.5012,55.42,20,76,8.01,broken clouds
93,Castro,BR,-24.7911,-50.0119,46.63,80,0,3.31,clear sky
94,Ventspils,LV,57.3894,21.5606,46.33,100,100,9.22,overcast clouds
95,Chateauroux,FR,46.8167,1.7,59.0,94,100,5.75,overcast clouds
96,Marshfield,US,44.6689,-90.1718,64.35,48,0,13.8,clear sky
97,Port Elizabeth,ZA,-33.918,25.5701,56.32,96,100,6.91,overcast clouds
98,Lebu,CL,-37.6167,-73.65,52.52,89,23,6.64,few clouds
99,Galle,LK,6.0367,80.217,78.85,88,27,10.49,scattered clouds
100,Klaksvik,FO,62.2266,-6.589,49.12,97,100,16.04,overcast clouds
101,Avarua,CK,-21.2078,-159.775,82.45,65,40,8.05,scattered clouds
102,Troitsko-Pechorsk,RU,62.7084,56.1964,34.02,76,100,10.47,overcast clouds
103,Zhumadian,CN,32.9794,114.0294,62.31,72,7,3.91,clear sky
104,Cape Canaveral,US,28.4058,-80.6048,82.47,78,20,16.11,few clouds
105,Taoudenni,ML,22.6783,-3.9836,98.2,7,100,10.56,overcast clouds
106,Aklera,IN,24.4167,76.5667,88.81,39,33,20.71,scattered clouds
107,Norman Wells,CA,65.282,-126.8329,60.84,31,75,5.75,broken clouds
108,Nizhnyaya Tavda,RU,57.6731,66.1725,40.73,70,99,2.93,overcast clouds
109,New Norfolk,AU,-42.7826,147.0587,41.92,87,11,2.33,few clouds
110,Tezu,IN,27.9167,96.1667,68.38,94,81,2.8,broken clouds
111,Alofi,NU,-19.0595,-169.9187,82.29,78,28,5.75,scattered clouds
112,Berlevag,NO,70.8578,29.0864,37.35,70,100,13.8,overcast clouds
113,Richards Bay,ZA,-28.783,32.0377,68.13,87,73,11.99,moderate rain
114,Saint-Joseph,RE,-21.3667,55.6167,70.18,80,20,11.81,light rain
115,Barrow,US,71.2906,-156.7887,32.02,93,100,9.22,mist
116,Helong,CN,42.5397,128.9972,62.69,58,37,6.82,scattered clouds
117,Comodoro Rivadavia,AR,-45.8667,-67.5,57.06,47,0,11.5,clear sky
118,Ponta Do Sol,PT,32.6667,-17.1,66.83,83,47,1.72,scattered clouds
119,Anadyr,RU,64.75,177.4833,34.3,86,100,4.47,overcast clouds
120,Dawei,MM,14.0833,98.2,78.21,93,100,11.79,moderate rain
121,Bethel,US,41.3712,-73.414,70.18,82,100,3.44,overcast clouds
122,Chipinge,ZW,-20.1883,32.6236,61.38,63,45,5.44,scattered clouds
123,Solomenskoye,RU,44.2167,44.3528,51.84,72,24,17.96,few clouds
124,Tautira,PF,-17.7333,-149.15,79.41,73,11,8.61,few clouds
125,Saint-Pierre,RE,-21.3393,55.4781,71.28,73,0,3.44,clear sky
126,Port Blair,IN,11.6667,92.75,82.44,83,100,9.22,mist
127,Coihaique,CL,-45.5752,-72.0662,49.95,57,100,9.22,overcast clouds
128,Te Anau,NZ,-45.4167,167.7167,43.41,88,100,5.5,overcast clouds
129,Hammerfest,NO,70.6634,23.6821,41.45,70,0,8.05,clear sky
130,Pio Xii,BR,-3.8325,-45.1525,74.41,95,99,2.19,moderate rain
131,Olinda,BR,-8.0089,-34.8553,78.53,94,75,6.91,broken clouds
132,Puerto Madryn,AR,-42.7692,-65.0385,63.28,35,27,18.72,scattered clouds
133,Rawlins,US,41.7911,-107.2387,39.09,60,20,16.11,few clouds
134,Puerto Ayora,EC,-0.7393,-90.3518,76.96,94,52,4.0,broken clouds
135,Lincoln,US,40.8,-96.667,73.31,30,0,13.8,clear sky
136,Svetlogorsk,BY,52.6333,29.7333,56.07,96,94,9.35,overcast clouds
137,Road Town,VG,18.4167,-64.6167,82.49,78,40,9.22,scattered clouds
138,Vardo,NO,70.3705,31.1107,37.38,75,100,23.02,overcast clouds
139,Douala,CM,4.0483,9.7043,77.72,89,100,4.16,light rain
140,Chulumani,BO,-16.4096,-67.5263,62.02,73,80,3.0,broken clouds
141,Floro,NO,61.5996,5.0328,54.23,87,40,8.05,scattered clouds
142,Ribeira Grande,PT,38.5167,-28.7,63.45,96,100,8.16,light rain
143,Carnarvon,AU,-24.8667,113.6333,68.16,63,0,11.97,clear sky
144,Kruisfontein,ZA,-34.0033,24.7314,53.89,84,100,5.64,light rain
145,Ilulissat,GL,69.2167,-51.1,35.62,75,40,6.91,scattered clouds
146,Houma,US,29.5958,-90.7195,88.0,75,40,16.11,scattered clouds
147,Zhezkazgan,KZ,47.8043,67.7144,61.9,35,64,8.84,broken clouds
148,Clyde River,CA,70.4692,-68.5914,25.03,80,100,8.05,overcast clouds
149,Kovur,IN,14.4833,79.9833,81.99,60,100,10.51,overcast clouds
150,Saint George,US,37.1041,-113.5841,77.63,11,0,16.11,clear sky
151,Inirida,CO,3.8653,-67.9239,75.97,97,71,1.81,broken clouds
152,Timbiqui,CO,2.7717,-77.6654,78.85,83,100,4.74,overcast clouds
153,Margate,GB,51.3813,1.3862,55.31,88,36,4.0,scattered clouds
154,Alta Floresta,BR,-9.8756,-56.0861,67.48,67,87,1.48,overcast clouds
155,Georgetown,MY,5.4112,100.3354,80.53,89,20,3.44,few clouds
156,Giurgiu,RO,43.8833,25.9667,59.65,58,60,7.31,broken clouds
157,Atuona,PF,-9.8,-139.0333,77.65,67,0,10.74,clear sky
158,Xining,CN,36.6167,101.7667,51.8,74,100,1.74,overcast clouds
159,Muyezerskiy,RU,63.9333,31.65,35.38,79,70,4.74,broken clouds
160,Kahului,US,20.8947,-156.47,87.82,51,20,13.8,few clouds
161,Mossendjo,CG,-2.9506,12.7261,69.66,98,100,5.26,overcast clouds
162,Berdigestyakh,RU,62.0989,126.6992,43.59,68,2,4.18,clear sky
163,Velasco Ibarra,EC,-1.05,-79.6167,79.02,84,98,5.77,moderate rain
164,Hithadhoo,MV,-0.6,73.0833,82.67,73,68,9.08,broken clouds
165,Bengkulu,ID,-3.8004,102.2655,75.69,87,80,4.05,broken clouds
166,Kununurra,AU,-15.7667,128.7333,75.18,50,1,5.75,clear sky
167,Obo,CF,5.3998,26.4869,68.11,98,100,2.59,light rain
168,Liaocheng,CN,36.4439,115.9647,65.57,58,0,7.45,clear sky
169,Valley City,US,46.9233,-98.0032,43.32,81,100,17.27,overcast clouds
170,Hilo,US,19.7297,-155.09,91.27,79,40,12.66,scattered clouds
171,Chuy,UY,-33.6971,-53.4616,52.25,76,26,5.66,scattered clouds
172,Naze,JP,28.3667,129.4833,74.32,91,100,16.17,light rain
173,Constitucion,CL,-35.3333,-72.4167,53.42,84,0,6.64,clear sky
174,Lagoa,PT,39.05,-27.9833,61.7,92,100,13.04,overcast clouds
175,Linguere,SN,15.3953,-15.1193,93.42,38,0,13.8,clear sky
176,Saint-Prosper,CA,46.2117,-70.4811,62.89,62,100,10.69,overcast clouds
177,Soyo,AO,-6.1349,12.3689,75.54,84,2,8.05,clear sky
178,Sitka,US,57.0531,-135.33,57.09,62,0,4.61,clear sky
179,Bang Mun Nak,TH,16.0278,100.3792,77.92,82,100,9.51,overcast clouds
180,Kiama,AU,-34.6833,150.8667,64.99,91,96,1.99,overcast clouds
181,Borba,BR,-4.3878,-59.5939,75.92,76,59,1.57,broken clouds
182,Klyavlino,RU,54.2649,52.0267,38.53,93,99,10.71,overcast clouds
183,Zeya,RU,53.75,127.2667,51.75,60,14,5.06,few clouds
184,Khatanga,RU,71.9667,102.5,33.21,80,100,10.2,overcast clouds
185,Upata,VE,8.0086,-62.3989,83.19,48,45,7.65,scattered clouds
186,Karratha,AU,-20.7377,116.8463,74.73,72,41,5.41,scattered clouds
187,Geraldton,AU,-28.7667,114.6,52.21,93,0,8.05,clear sky
188,Areosa,PT,41.7178,-8.8571,68.81,64,95,8.86,overcast clouds
189,Kaitangata,NZ,-46.2817,169.8464,45.82,80,74,20.45,broken clouds
190,Westport,US,41.1415,-73.3579,67.62,64,79,8.61,moderate rain
191,Zaraza,VE,9.3503,-65.3245,86.22,50,18,12.68,few clouds
192,Airai,TL,-8.9266,125.4092,57.43,88,45,4.05,scattered clouds
193,Saint-Philippe,RE,-21.3585,55.7679,71.19,83,39,11.36,light rain
194,East London,ZA,-33.0153,27.9116,61.39,73,100,9.89,overcast clouds
195,Mar Del Plata,AR,-38.0023,-57.5575,57.94,72,0,11.5,clear sky
196,Iberia,US,29.9502,-91.7507,90.05,62,0,16.11,clear sky
197,Isabela,PH,6.7085,121.9711,77.05,83,100,5.12,light rain
198,Marand,IR,38.4329,45.7749,47.93,54,54,9.84,broken clouds
199,Luena,AO,-11.7833,19.9167,58.75,58,0,1.07,clear sky
200,Nizwa,OM,22.9333,57.5333,85.96,22,3,2.59,clear sky
201,Srednekolymsk,RU,67.45,153.6833,54.99,46,58,11.95,broken clouds
202,Ketchikan,US,55.3422,-131.6461,62.58,55,20,9.22,few clouds
203,Ondjiva,AO,-17.0667,15.7333,57.67,30,0,7.67,clear sky
204,Nikolskoye,RU,59.7035,30.7861,42.69,73,98,5.95,overcast clouds
205,Sao Joao Da Barra,BR,-21.6403,-41.0511,69.89,72,28,11.5,scattered clouds
206,Zalantun,CN,48.0,122.7167,56.32,54,32,7.11,scattered clouds
207,Najran,SA,17.4924,44.1277,74.53,14,3,2.15,clear sky
208,San Jose,US,37.3394,-121.895,82.89,21,20,16.11,few clouds
209,Nanortalik,GL,60.1432,-45.2371,38.28,82,38,5.5,scattered clouds
210,Mehamn,NO,71.0357,27.8492,37.31,79,99,15.84,overcast clouds
211,Monrovia,LR,6.3005,-10.7969,78.1,87,100,10.96,light rain
212,Moose Factory,CA,51.2585,-80.6094,59.0,94,100,11.5,overcast clouds
213,Tasiilaq,GL,65.6145,-37.6368,37.56,71,16,4.52,few clouds
214,Fremont,US,37.5483,-121.9886,83.59,25,0,20.71,clear sky
215,Nelson Bay,AU,-32.7167,152.15,57.99,98,63,11.18,moderate rain
216,Honiara,SB,-9.4333,159.95,82.33,74,2,2.84,clear sky
217,Buala,SB,-8.145,159.5921,83.1,72,8,3.27,clear sky
218,Cidreira,BR,-30.1811,-50.2056,56.82,75,0,4.5,clear sky
219,Vaitape,PF,-16.5167,-151.75,80.33,72,18,9.6,few clouds
220,Leningradskiy,RU,69.3833,178.4167,33.49,98,28,7.14,scattered clouds
221,El Grullo,MX,19.8,-104.2167,94.14,20,3,9.57,clear sky
222,Ostrovnoy,RU,68.0531,39.5131,31.06,67,94,6.35,overcast clouds
223,Mayumba,GA,-3.432,10.6554,76.86,87,100,6.31,overcast clouds
224,Tianpeng,CN,30.9866,103.9393,70.72,79,100,0.69,overcast clouds
225,Buraydah,SA,26.326,43.975,88.25,11,0,13.6,clear sky
226,Khor,RU,47.8861,134.9464,57.65,76,100,3.91,overcast clouds
227,Pisco,PE,-13.7,-76.2167,68.05,73,0,13.8,clear sky
228,Palmer,US,42.1584,-72.3287,74.5,66,75,14.97,broken clouds
229,Faya,SA,18.3851,42.4509,68.52,15,1,7.7,clear sky
230,Port-Gentil,GA,-0.7193,8.7815,77.76,86,100,7.14,light rain
231,Mao,ES,39.8885,4.2658,66.76,82,0,5.75,clear sky
232,Isla Mujeres,MX,21.2311,-86.731,86.16,85,33,16.64,scattered clouds
233,Pauini,BR,-7.7136,-66.9764,76.71,71,98,0.67,overcast clouds
234,Prince Rupert,CA,54.3161,-130.3201,50.09,90,100,13.8,mist
235,Bambous Virieux,MU,-20.3428,57.7575,75.22,83,40,6.91,scattered clouds
236,Marataizes,BR,-21.0433,-40.8244,68.68,65,0,8.14,clear sky
237,Maxixe,MZ,-23.8597,35.3472,72.14,89,95,8.81,overcast clouds
238,Boyolangu,ID,-8.1181,111.8935,74.86,91,100,1.99,overcast clouds
239,Kenai,US,60.5544,-151.2583,69.03,22,0,14.97,clear sky
240,Buchanan,LR,5.8808,-10.0467,77.85,88,99,9.93,light rain
241,Dinar,TR,38.065,30.1656,55.36,50,1,5.86,clear sky
242,Hambantota,LK,6.1241,81.1185,78.71,85,66,15.1,broken clouds
243,Carutapera,BR,-1.195,-46.02,74.35,93,100,2.8,moderate rain
244,Matagami,CA,49.7502,-77.6328,64.51,82,75,10.36,moderate rain
245,Vostok,RU,46.4856,135.8833,58.6,57,65,4.23,broken clouds
246,Alice Springs,AU,-23.7,133.8833,42.35,93,6,0.0,clear sky
247,Padang,ID,-0.9492,100.3543,77.04,87,48,3.67,scattered clouds
248,Bikin,RU,46.8161,134.26,57.99,75,100,6.2,overcast clouds
249,Honningsvag,NO,70.9821,25.9704,40.75,65,75,6.91,broken clouds
250,Eureka,US,40.8021,-124.1637,71.67,65,11,10.0,few clouds
251,Pevek,RU,69.7008,170.3133,33.24,97,79,5.03,broken clouds
252,Nong Bua,TH,15.8646,100.5858,77.52,85,100,7.63,overcast clouds
253,Asosa,ET,10.0667,34.5333,65.68,73,100,2.33,overcast clouds
254,Iralaya,HN,15.0,-83.2333,80.67,83,100,15.32,overcast clouds
255,Gat,IL,31.61,34.7642,78.4,31,99,8.08,overcast clouds
256,Benxi,CN,41.2886,123.765,66.52,72,40,7.29,scattered clouds
257,Vila,PT,42.0304,-8.1588,65.7,65,99,6.55,overcast clouds
258,Talnakh,RU,69.4865,88.3972,40.21,81,92,8.5,overcast clouds
259,Longyearbyen,SJ,78.2186,15.6401,33.64,69,75,12.66,light intensity drizzle
260,Matara,LK,5.9485,80.5353,76.77,92,48,8.7,scattered clouds
261,Bonthe,SL,7.5264,-12.505,79.7,83,96,7.29,overcast clouds
262,Lengshuitan,CN,26.4111,111.5956,63.77,96,100,0.56,overcast clouds
263,Mweka,CD,-4.85,21.5667,72.28,90,100,2.53,overcast clouds
264,Boralday,KZ,43.3578,76.8594,62.46,72,75,2.24,broken clouds
265,Xicotencatl,MX,23.0167,-98.8833,107.02,21,26,9.26,scattered clouds
266,Littleton,US,39.6133,-105.0166,37.9,93,100,8.05,snow
267,Praia Da Vitoria,PT,38.7333,-27.0667,64.65,88,20,6.24,few clouds
268,Leua,SK,48.2156,18.6071,67.23,84,61,2.86,broken clouds
269,Shirhatti,IN,15.2333,75.5833,67.78,90,100,9.19,overcast clouds
270,Keti Bandar,PK,24.1447,67.4497,81.61,87,1,19.62,clear sky
271,Fort Nelson,CA,58.8053,-122.7002,58.59,18,40,4.61,scattered clouds
272,Zlobin,HR,45.2924,14.6541,57.61,64,0,3.44,clear sky
273,Teguise,ES,29.0605,-13.564,64.62,73,20,17.27,few clouds
274,Lavrentiya,RU,65.5833,-171.0,35.64,95,40,7.96,scattered clouds
275,College,US,64.8569,-147.8028,73.0,30,0,1.01,clear sky
276,Kautokeino,NO,69.0125,23.0412,32.56,99,99,0.6,overcast clouds
277,Novopokrovka,UA,49.8425,36.5477,52.29,96,100,6.69,light rain
278,Cumberland,US,35.0502,-78.8664,95.86,31,0,16.11,clear sky
279,Soe,ID,-9.8607,124.284,65.39,92,92,5.14,overcast clouds
280,Sorland,NO,67.667,12.6934,46.26,98,100,12.24,overcast clouds
281,Aklavik,CA,68.2191,-135.0107,50.0,50,100,3.44,overcast clouds
282,Sursk,RU,53.0754,45.6846,33.67,87,1,7.61,clear sky
283,Aquiraz,BR,-3.9014,-38.3911,82.49,81,92,5.46,overcast clouds
284,Miri,MY,4.4148,114.0089,75.34,100,20,2.3,few clouds
285,Necochea,AR,-38.5473,-58.7368,52.57,58,100,9.13,overcast clouds
286,Loum,CM,4.7182,9.7351,73.38,98,100,0.78,moderate rain
287,Ancud,CL,-41.8697,-73.8203,51.96,91,98,17.65,moderate rain
288,Dryden,CA,49.7833,-92.7503,37.69,93,100,9.22,overcast clouds
289,Punta Cardon,VE,11.6581,-70.215,81.55,72,100,32.86,overcast clouds
290,Chokurdakh,RU,70.6333,147.9167,34.12,100,100,6.46,overcast clouds
291,Thompson,CA,55.7435,-97.8558,37.56,65,100,14.97,overcast clouds
292,Bojnurd,IR,37.4747,57.329,60.75,77,20,20.71,few clouds
293,Svetlyy,RU,54.675,20.1347,50.05,97,100,6.11,overcast clouds
294,Betioky,MG,-23.7167,44.3833,66.33,55,23,4.74,few clouds
295,Dwarka,IN,22.2394,68.9678,81.95,78,1,20.0,clear sky
296,Port Lincoln,AU,-34.7333,135.8667,56.26,67,0,13.0,clear sky
297,Rockingham,US,42.9668,-71.0995,70.16,82,43,1.99,scattered clouds
298,Mukhen,RU,48.1,136.1,56.71,83,100,5.99,overcast clouds
299,Chifeng,CN,42.2683,118.9636,66.04,23,55,7.05,broken clouds
300,Jasper,US,37.2001,-94.3502,82.45,65,40,19.57,scattered clouds
301,Guerrero Negro,MX,27.9769,-114.0611,71.19,55,0,16.6,clear sky
302,Paragominas,BR,-2.9667,-47.4833,72.52,80,100,3.18,overcast clouds
303,Potiskum,NG,11.7091,11.0694,89.96,14,86,5.1,overcast clouds
304,Faanui,PF,-16.4833,-151.75,80.33,72,19,9.51,few clouds
305,Guinguineo,SN,14.2667,-15.95,85.82,66,0,4.61,clear sky
306,Marshall,US,34.3834,-86.3333,89.65,40,0,10.36,clear sky
307,Catumbela,AO,-12.4314,13.5472,70.45,77,21,1.57,few clouds
308,Taltal,CL,-25.4,-70.4833,63.57,67,98,2.15,overcast clouds
309,Viedma,AR,-40.8135,-62.9967,58.28,43,100,10.54,overcast clouds
310,Formosa,AR,-26.1775,-58.1781,58.98,77,0,3.44,clear sky
311,Nha Trang,VN,12.25,109.1833,78.8,91,100,4.83,overcast clouds
312,Korla,CN,41.7597,86.1469,72.72,28,49,11.45,scattered clouds
313,Camabatela,AO,-8.1881,15.375,62.24,89,17,1.23,few clouds
314,Katsuura,JP,35.1333,140.3,67.24,78,100,8.14,light rain
315,Smithers,CA,54.7804,-127.1743,57.52,33,75,6.91,light intensity shower rain
316,Batemans Bay,AU,-35.7167,150.1833,55.09,80,82,5.3,broken clouds
317,Paoua,CF,7.2427,16.4406,68.99,90,97,6.4,overcast clouds
318,Hervey Bay,AU,-25.2986,152.8535,65.01,96,100,11.99,moderate rain
319,Qala,AZ,40.4418,50.1681,55.29,82,40,9.22,scattered clouds
320,Katherine,AU,-14.4667,132.2667,70.12,73,0,4.61,clear sky
321,Hami,CN,42.8,93.45,69.73,35,9,10.25,clear sky
322,Napasar,IN,27.9667,73.55,86.5,40,15,21.79,few clouds
323,Kano,NG,12.0001,8.5167,89.15,21,67,2.44,broken clouds
324,Gigmoto,PH,13.7796,124.39,81.05,84,100,8.48,light rain
325,Garowe,SO,8.4054,48.4845,83.28,50,75,20.38,broken clouds
326,Trincomalee,LK,8.5711,81.2335,81.3,78,48,21.47,scattered clouds
327,Byron Bay,AU,-28.65,153.6167,60.71,80,100,12.93,moderate rain
328,Panguna,PG,-6.3164,155.4848,77.94,70,47,2.13,scattered clouds
329,Pyapon,MM,16.2833,95.6833,77.56,89,100,15.23,light rain
330,Isangel,VU,-19.55,169.2667,78.91,94,75,14.97,broken clouds
331,Asfi,MA,32.2994,-9.2372,66.29,90,43,4.92,scattered clouds
332,Bay Roberts,CA,47.5999,-53.2648,49.75,82,100,2.86,overcast clouds
333,South Lake Tahoe,US,38.9332,-119.9844,54.63,23,0,8.05,clear sky
334,Uwajima,JP,33.2238,132.56,60.78,86,100,5.44,overcast clouds
335,Medzilaborce,SK,49.2719,21.9007,59.83,87,66,1.99,broken clouds
336,Terrace,CA,54.5163,-128.6035,69.71,26,75,9.22,broken clouds
337,Beringovskiy,RU,63.05,179.3167,34.65,87,82,6.46,broken clouds
338,San Quintin,MX,30.4833,-115.95,65.79,68,14,10.36,few clouds
339,Aswan,EG,24.0934,32.907,85.26,15,1,12.84,clear sky
340,Broken Hill,AU,-31.95,141.4333,53.26,77,100,10.49,overcast clouds
341,Portland,US,45.5234,-122.6762,62.64,59,75,5.75,broken clouds
342,Madang,PG,-5.2246,145.7966,80.98,81,65,4.74,broken clouds
343,Peterhead,GB,57.5058,-1.7981,54.0,89,100,14.99,overcast clouds
344,Arawa,PG,-6.2132,155.5367,83.52,73,47,3.02,scattered clouds
345,Ode,NG,7.7899,5.7117,72.19,92,100,8.34,overcast clouds
346,Hudson Bay,CA,52.85,-102.3842,41.49,58,100,12.35,overcast clouds
347,Lahaina,US,20.8783,-156.6825,87.8,81,71,3.51,broken clouds
348,Arkadelphia,US,34.1209,-93.0538,88.77,40,0,8.93,clear sky
349,Tateyama,JP,34.9833,139.8667,66.9,78,100,11.05,light rain
350,Vinh,VN,18.6667,105.6667,76.75,94,100,4.65,overcast clouds
351,Dalby,AU,-27.1833,151.2667,57.97,97,100,15.21,light rain
352,Araguacu,BR,-12.9306,-49.8264,64.89,38,100,3.02,overcast clouds
353,Urusha,RU,54.05,122.9,51.62,50,42,8.61,scattered clouds
354,New Bern,US,35.1085,-77.0441,90.05,57,0,11.5,haze
355,Kungurtug,RU,50.5994,97.5228,52.18,87,100,3.62,overcast clouds
356,Hokitika,NZ,-42.7167,170.9667,50.36,79,99,14.05,overcast clouds
357,Codrington,AU,-38.2667,141.9667,46.99,83,8,6.93,clear sky
358,Dingle,PH,10.9995,122.6711,77.92,89,100,3.04,overcast clouds
359,Tagusao,PH,9.1924,117.8141,81.18,80,88,3.65,overcast clouds
360,Barabai,ID,-2.5833,115.3833,74.77,98,100,1.23,light rain
361,Pemberton,CA,50.3164,-122.8027,56.98,60,34,4.56,scattered clouds
362,San Luis,AR,-33.295,-66.3356,52.92,44,4,2.46,clear sky
363,Kaiu,EE,59.0129,25.0551,44.19,93,91,8.84,overcast clouds
364,Souillac,MU,-20.5167,57.5167,73.78,83,40,6.91,scattered clouds
365,Mogila,MK,41.1083,21.3786,53.53,54,5,2.24,clear sky
366,Dunedin,NZ,-45.8742,170.5036,49.8,60,74,18.01,broken clouds
367,Nipawin,CA,53.3668,-104.0009,41.04,60,100,20.71,overcast clouds
368,Ixtapa,MX,20.7,-105.2,82.22,65,0,9.22,clear sky
369,Kavieng,PG,-2.5744,150.7967,82.99,77,95,11.1,light rain
370,Henties Bay,NA,-22.116,14.2845,55.8,78,0,15.1,clear sky
371,Okato,NZ,-39.2,173.8833,59.18,78,89,11.01,overcast clouds
372,San Cristobal,VE,7.7669,-72.225,80.78,73,23,4.05,few clouds
373,Saint Anthony,US,45.0205,-93.218,65.25,50,40,17.27,scattered clouds
374,Hay River,CA,60.8156,-115.7999,57.18,21,40,4.61,scattered clouds
375,Vieux-Habitants,GP,16.0589,-61.7659,81.97,72,2,12.37,clear sky
376,Morondava,MG,-20.2833,44.2833,72.45,66,0,7.34,clear sky
377,Meiganga,CM,6.5167,14.3,65.64,92,100,1.97,overcast clouds
378,Havoysund,NO,70.9963,24.6622,41.23,93,100,9.64,overcast clouds
379,Muzhi,RU,65.3667,64.6667,31.44,97,100,17.67,snow
380,Marawi,PH,7.9986,124.2928,70.47,93,100,1.88,overcast clouds
381,Kutum,SD,14.2,24.6667,79.57,13,2,12.19,clear sky
382,Ulety,RU,51.3572,112.4849,58.17,32,35,1.5,scattered clouds
383,Namatanai,PG,-3.6667,152.4333,82.96,73,36,6.31,light rain
384,Chino Valley,US,34.7575,-112.4538,83.41,20,0,20.71,clear sky
385,Zyryanka,RU,65.75,150.85,52.99,45,74,16.78,broken clouds
386,Kuala Lipis,MY,4.1842,102.0468,72.21,99,77,0.56,broken clouds
387,Roald,NO,62.5833,6.1333,54.91,93,75,4.61,broken clouds
388,Baykit,RU,61.67,96.37,50.34,84,30,3.06,scattered clouds
389,Kurgan,RU,55.45,65.3333,44.26,89,100,8.93,moderate rain
390,Shingu,JP,33.7333,135.9833,61.68,89,100,4.88,moderate rain
391,Dinahican,PH,14.7167,121.7167,82.11,73,98,7.11,overcast clouds
392,Homer,US,59.6425,-151.5483,58.77,53,0,5.75,clear sky
393,Mahibadhoo,MV,3.7833,72.9667,82.09,79,56,13.18,broken clouds
394,Wuwei,CN,37.9281,102.6414,64.02,33,100,4.21,overcast clouds
395,Ayotzintepec,MX,17.6667,-96.1333,104.7,23,88,6.71,overcast clouds
396,Lakatoro,VU,-16.0999,167.4164,82.78,76,8,7.27,clear sky
397,Jinji,CN,23.2281,110.8261,73.11,93,94,2.26,overcast clouds
398,Meulaboh,ID,4.1363,96.1285,76.6,90,95,4.7,overcast clouds
399,Asau,RO,46.4333,26.4,60.28,74,48,7.16,scattered clouds
400,Sungairaya,ID,0.7,108.9,78.15,90,91,3.15,overcast clouds
401,Kuusamo,FI,65.9667,29.1833,42.84,56,0,5.75,clear sky
402,Derzhavinsk,KZ,51.1,66.3167,66.13,39,96,21.79,overcast clouds
403,Phuthaditjhaba,ZA,-28.5242,28.8158,47.95,93,98,4.65,moderate rain
404,Paisley,GB,55.8317,-4.4325,52.14,84,38,4.0,scattered clouds
405,Oranjemund,NA,-28.55,16.4333,52.36,89,0,5.21,clear sky
406,Paredon,MX,16.0333,-93.8667,87.04,59,58,8.59,broken clouds
407,Nyurba,RU,63.2842,118.3319,51.75,70,79,3.62,broken clouds
408,Warren,US,39.4334,-84.1666,87.3,54,0,18.41,clear sky
409,San-Pedro,CI,4.7485,-6.6363,77.52,89,100,7.25,overcast clouds
410,Huarmey,PE,-10.0681,-78.1522,67.26,84,17,9.22,few clouds
411,Coquimbo,CL,-29.9533,-71.3436,60.53,82,0,5.75,clear sky
412,Paamiut,GL,61.994,-49.6678,35.13,83,98,6.6,overcast clouds
413,Lima,PE,-12.0432,-77.0282,62.85,38,40,8.05,scattered clouds
414,Mbala,ZM,-8.8402,31.3659,57.45,77,56,5.84,broken clouds
415,Murowana Goslina,PL,52.5746,17.0093,64.24,95,100,10.63,heavy intensity rain
416,Rach Gia,VN,10.0167,105.0833,83.64,75,97,14.76,overcast clouds
417,Cervo,ES,43.6702,-7.4101,62.96,91,34,13.56,scattered clouds
418,Redmond,US,47.674,-122.1215,63.36,62,84,3.0,broken clouds
419,Santa Fe,AR,-31.6333,-60.7,62.01,74,0,3.0,light rain
420,Mogadishu,SO,2.0371,45.3438,79.5,79,39,16.49,scattered clouds
421,Kapoeta,SS,4.7717,33.5903,82.62,41,91,11.07,overcast clouds
422,Severo-Kurilsk,RU,50.6789,156.125,44.87,81,100,12.12,overcast clouds
423,Sorochinsk,RU,52.4338,53.1583,45.39,90,100,8.86,overcast clouds
424,Cabedelo,BR,-6.9811,-34.8339,81.27,82,79,8.19,broken clouds
425,Thunder Bay,CA,48.4001,-89.3168,66.11,34,75,24.16,broken clouds
426,Laguna,US,38.421,-121.4238,83.75,14,0,19.57,clear sky
427,Ilo,PE,-17.6394,-71.3375,63.97,83,94,6.35,overcast clouds
428,Dayong,CN,25.0209,118.2898,71.67,88,85,1.52,overcast clouds
429,Pangoa,PE,-12.1167,-73.0,68.45,81,61,0.92,broken clouds
430,Severo-Yeniseyskiy,RU,60.3725,93.0408,47.46,75,91,6.26,overcast clouds
431,Nantucket,US,41.2835,-70.0995,57.34,94,0,11.5,clear sky
432,Ferrandina,IT,40.5012,16.4547,62.04,42,9,5.86,clear sky
433,Ryotsu,JP,38.0833,138.4333,67.12,54,100,3.98,overcast clouds
434,Andra,RU,62.5147,65.8878,32.79,98,100,13.31,overcast clouds
435,Sarny,UA,51.338,26.6019,58.01,96,84,6.98,broken clouds
436,Balabac,PH,7.9868,117.0645,80.91,84,83,11.23,light rain
437,Ust-Kuyga,RU,70.0167,135.6,33.03,93,100,1.79,overcast clouds
438,Chenghai,CN,23.4632,116.768,73.31,78,75,4.47,broken clouds
439,Antalaha,MG,-14.9003,50.2788,71.01,88,25,8.93,scattered clouds
440,Mareeba,AU,-17.0,145.4333,73.44,82,25,3.91,scattered clouds
441,Ambon,ID,-3.6954,128.1814,75.34,100,40,1.14,scattered clouds
442,Mandalgovi,MN,45.7625,106.2708,64.31,28,16,4.5,few clouds
443,Kirkuk,IQ,35.4681,44.3922,69.76,37,46,5.66,scattered clouds
444,Sadon,RU,42.8518,44.0037,32.25,92,84,6.06,broken clouds
445,Avera,US,33.194,-82.5271,92.55,36,97,7.23,overcast clouds
446,Polovinnoye,RU,54.7914,65.9864,45.52,89,100,13.69,light rain
447,Pahrump,US,36.2083,-115.9839,81.25,10,60,7.0,broken clouds
448,Nianzishan,CN,47.5167,122.8833,61.02,44,25,11.43,scattered clouds
449,Thinadhoo,MV,0.5333,72.9333,83.01,74,81,10.18,broken clouds
450,Nador,MA,35.174,-2.9287,69.87,94,100,4.61,overcast clouds
451,Sao Jose Da Coroa Grande,BR,-8.8978,-35.1478,76.32,89,83,4.81,broken clouds
452,Tempio Pausania,IT,40.8974,9.1035,52.72,59,2,3.53,clear sky
453,Atar,MR,20.5169,-13.0499,87.21,20,97,4.18,overcast clouds
454,Wanning,CN,18.8003,110.3967,76.77,90,100,2.17,overcast clouds
455,Champerico,GT,14.3,-91.9167,79.34,67,100,6.96,overcast clouds
456,Port-Cartier,CA,50.0334,-66.8654,52.75,72,83,3.53,broken clouds
457,Conde,BR,-7.2597,-34.9075,80.06,83,40,6.91,light rain
458,Payo,ID,-3.7508,103.6372,72.46,94,90,1.7,overcast clouds
459,Tselinnoye,RU,53.0833,85.6667,54.28,63,65,8.7,broken clouds
460,Chambersburg,US,39.9376,-77.6611,81.73,69,100,3.0,overcast clouds
461,Gwembe,ZM,-16.4975,27.6069,64.27,60,47,4.23,scattered clouds
462,At-Bashi,KG,41.1702,75.8106,50.61,90,100,2.66,overcast clouds
463,Urumqi,CN,43.801,87.6005,65.35,37,0,2.24,clear sky
464,Handlova,SK,48.7276,18.7601,60.57,93,48,5.03,scattered clouds
465,Bilibino,RU,68.0546,166.4372,40.14,80,14,2.13,few clouds
466,Kolda,SN,12.8833,-14.95,91.71,55,0,11.5,clear sky
467,Sur,OM,22.5667,59.5289,89.37,43,6,16.26,clear sky
468,Pala,TD,9.3642,14.9046,81.77,61,76,8.5,broken clouds
469,Lindenberg,DE,49.3803,8.0986,65.93,86,73,9.84,broken clouds
470,Machico,PT,32.7,-16.7667,66.83,81,20,5.75,few clouds
471,Vikindu,TZ,-7.0067,39.2985,71.98,93,100,4.99,overcast clouds
472,Ukiah,US,39.1502,-123.2078,80.85,15,0,8.05,clear sky
473,Yenagoa,NG,4.9247,6.2642,76.33,93,99,4.81,overcast clouds
474,Kushima,JP,31.4583,131.2333,61.7,96,100,8.46,light rain
475,Kavaratti,IN,10.5669,72.642,82.44,79,99,13.09,overcast clouds
476,Andros Town,BS,24.7,-77.7667,82.36,79,100,12.97,overcast clouds
477,Alvand,IR,36.3187,49.1678,44.01,82,53,7.52,broken clouds
478,Komsomolskiy,UZ,40.4272,71.7189,66.92,55,73,3.53,broken clouds
479,Ambilobe,MG,-13.2,49.05,68.99,82,18,3.96,few clouds
480,Rocky Mountain House,CA,52.3668,-114.9188,43.66,61,92,11.12,overcast clouds
481,Mercedes,AR,-34.6515,-59.4307,55.04,57,17,6.6,few clouds
482,Benguela,AO,-12.5763,13.4055,70.05,78,24,0.13,few clouds
483,Villamontes,BO,-21.25,-63.5,59.45,42,92,2.08,overcast clouds
484,Bosaso,SO,11.2842,49.1816,86.56,38,43,6.31,scattered clouds
485,Yiyang,CN,28.5892,112.3283,63.23,88,78,1.21,broken clouds
486,Troitskoye,RU,52.9821,84.6757,55.35,58,72,6.35,broken clouds
487,Snezhnogorsk,RU,69.1933,33.2531,33.58,77,73,11.12,broken clouds
488,Sorong,ID,-0.8833,131.25,79.41,82,78,6.91,light rain
489,San Felipe,VE,10.3399,-68.7425,74.93,87,77,5.08,broken clouds
490,Majene,ID,-3.5403,118.9707,77.77,83,100,8.34,overcast clouds
491,Goderich,CA,43.7501,-81.7165,77.32,69,87,18.41,overcast clouds
492,Mitsamiouli,KM,-11.3847,43.2844,78.85,70,11,4.52,few clouds
493,Gamba,GA,-2.65,10.0,76.32,87,100,4.81,overcast clouds
494,Contamana,PE,-7.3333,-75.0167,75.99,68,50,3.24,scattered clouds
495,Tuy Hoa,VN,13.0833,109.3,76.86,92,100,5.86,overcast clouds
496,Bandipur,NP,27.9333,84.4167,61.79,81,7,1.99,clear sky
497,Clifton,US,40.8584,-74.1638,66.96,91,75,9.22,moderate rain
498,Ashland,US,40.8167,-82.2665,81.97,62,100,20.07,overcast clouds
499,Olafsvik,IS,64.8945,-23.7142,47.01,84,85,10.98,overcast clouds
500,Fairbanks,US,64.8378,-147.7164,73.02,29,0,1.99,clear sky
501,Merauke,ID,-8.4667,140.3333,80.53,74,13,10.25,few clouds
502,Acapulco,MX,16.8634,-99.8901,84.02,65,40,12.66,scattered clouds
503,Teya,RU,60.3778,92.6267,50.13,77,97,5.39,overcast clouds
504,Straumen,NO,63.8709,11.2999,57.2,81,88,5.26,overcast clouds
505,Uvira,CD,-3.4067,29.1458,71.74,78,100,4.21,overcast clouds
506,Dauphin,CA,51.1494,-100.0502,37.54,81,100,19.57,overcast clouds
507,Verkhoyansk,RU,67.5447,133.385,41.2,61,26,3.78,scattered clouds
508,Aripuana,BR,-9.1667,-60.6333,70.47,68,66,1.07,broken clouds
509,Bonavista,CA,48.6499,-53.1147,41.56,78,74,1.79,broken clouds
510,Kortkeros,RU,61.8106,51.5806,39.2,70,100,7.49,overcast clouds
511,Nowa Deba,PL,50.4297,21.7508,65.25,93,73,6.91,broken clouds
512,Sabang,ID,5.8933,95.3214,83.55,75,100,14.92,light rain
513,Muroto,JP,33.2833,134.15,63.63,75,100,16.13,light rain
514,Maceio,BR,-9.6658,-35.7353,74.64,83,75,6.91,broken clouds
515,Porto Novo,BJ,6.4965,2.6036,79.02,86,97,6.82,light rain
516,Kasama,ZM,-10.2129,31.1808,57.94,90,77,3.89,broken clouds
517,Luderitz,NA,-26.6481,15.1594,51.46,73,1,10.16,clear sky
518,Mogocha,RU,53.7333,119.7667,50.29,59,76,5.44,broken clouds
519,Yugorsk,RU,61.3133,63.3319,34.79,96,100,8.25,overcast clouds
520,Blagoyevo,RU,63.3667,47.9167,28.24,79,25,7.56,scattered clouds
521,Lompoc,US,34.6391,-120.4579,75.02,60,0,17.27,clear sky
522,Camacha,PT,33.0833,-16.3333,62.02,77,20,12.66,few clouds
523,Mindelo,CV,16.8901,-24.9804,72.95,68,40,24.16,scattered clouds
524,Ekhabi,RU,53.5102,142.9671,38.84,76,89,13.0,overcast clouds
525,Arman,RU,59.7,150.1667,39.02,99,100,7.9,light rain
526,Iskateley,RU,67.6803,53.1512,25.0,93,83,10.4,broken clouds
527,Bunbury,AU,-33.3333,115.6333,56.48,81,2,8.55,clear sky
528,Nouadhibou,MR,20.931,-17.0347,67.98,83,41,18.41,scattered clouds
529,Yulara,AU,-25.2406,130.9889,55.58,60,52,10.02,broken clouds
530,Kampene,CD,-3.6,26.6667,70.18,85,100,1.61,overcast clouds
531,Tres Arroyos,AR,-38.3739,-60.2798,51.03,55,100,7.65,overcast clouds
532,Ende,ID,-8.8432,121.6623,77.4,74,47,2.82,scattered clouds
533,Sobolevo,RU,54.4299,31.8996,46.87,95,100,14.16,moderate rain
534,Simao,CN,22.7886,100.9748,63.7,99,100,1.86,overcast clouds
535,Erenhot,CN,43.6475,111.9767,68.85,20,21,5.88,few clouds
536,Nalut,LY,30.3333,10.85,70.83,34,0,20.71,clear sky
537,Krasnogorsk,RU,55.8225,37.3181,43.14,70,0,6.71,clear sky
538,Gigante,CO,2.3868,-75.5453,70.16,87,44,3.96,scattered clouds
539,Balikpapan,ID,-1.2675,116.8289,77.99,94,20,5.75,few clouds
540,Yerbogachen,RU,61.2767,108.0108,49.35,74,100,3.02,overcast clouds
541,Sao Felix Do Xingu,BR,-6.6447,-51.995,72.19,75,32,1.12,scattered clouds
542,Lokomotivnyy,RU,53.0118,60.5684,43.86,97,100,11.18,light rain
543,Nizip,TR,37.0097,37.7942,60.93,34,0,10.25,clear sky
544,Stromness,GB,58.965,-3.296,49.96,90,99,3.0,overcast clouds
545,Neryungri,RU,56.6709,124.6491,38.61,96,100,5.53,overcast clouds
546,Saint-Augustin,CA,51.226,-58.6502,51.64,61,52,10.4,broken clouds
547,Sechelt,CA,49.4664,-123.7694,64.27,62,78,3.98,broken clouds
548,Kabare,CD,-2.4683,28.8242,60.1,96,100,0.6,overcast clouds
549,Ust-Ilimsk,RU,58.0006,102.6619,56.26,86,94,2.62,overcast clouds
550,Moscow,RU,55.7522,37.6156,43.32,66,91,5.01,overcast clouds
551,Limon,CR,10.0,-83.0333,82.29,83,75,6.91,broken clouds
552,Jedburgh,GB,55.48,-2.552,49.91,88,61,9.33,broken clouds
553,Lafia,NG,8.4833,8.5167,77.72,79,64,3.22,broken clouds
554,Washington,US,47.5001,-120.5015,59.58,44,64,3.22,broken clouds
555,Vila Velha,BR,-20.3297,-40.2925,71.55,64,0,6.91,clear sky
556,Ornskoldsvik,SE,63.2909,18.7153,36.55,87,99,2.3,overcast clouds
557,Pimentel,PE,-6.8367,-79.9342,70.09,68,0,24.16,clear sky
558,Kaniama,CD,-7.5667,24.1833,74.88,55,98,3.47,overcast clouds
559,Namibe,AO,-15.1961,12.1522,66.06,71,27,9.86,scattered clouds
560,San Jose Iturbide,MX,21.0,-100.3833,87.58,12,19,10.69,few clouds
561,Mirador,BR,-6.3708,-44.3631,72.34,74,96,1.66,overcast clouds
562,Tamandare,BR,-8.7597,-35.1047,76.37,88,90,5.28,overcast clouds
563,Grand-Santi,GF,4.25,-54.3833,73.13,99,100,2.24,moderate rain
564,Tromso,NO,69.6496,18.957,45.37,61,75,3.44,broken clouds
565,Half Moon Bay,US,37.4636,-122.4286,81.54,40,0,25.32,clear sky
566,Karpogory,RU,64.0019,44.4451,27.7,89,51,5.77,broken clouds
567,Arlit,NE,18.7369,7.3853,86.2,26,36,6.76,scattered clouds
568,Asyut,EG,27.181,31.1837,76.14,49,97,17.07,overcast clouds
569,Emerald,AU,-23.5333,148.1667,60.35,93,98,13.69,overcast clouds
570,Mawlaik,MM,23.6333,94.4167,73.89,96,72,1.61,broken clouds
571,Noyabrsk,RU,63.1994,75.4507,37.11,82,70,13.82,broken clouds
572,Nhulunbuy,AU,-12.2333,136.7667,79.41,83,0,6.91,clear sky
573,Anuchino,RU,43.9622,133.0544,67.39,48,25,5.95,scattered clouds
574,Baturaja,ID,-4.1333,104.1667,72.93,96,70,1.7,broken clouds
575,Hirara,JP,24.8,125.2833,75.06,83,75,17.27,broken clouds
576,Claresholm,CA,50.0333,-113.5852,46.31,57,100,10.36,overcast clouds
577,Mangai,CD,-4.05,19.5333,70.48,99,99,1.45,light rain
578,Sisimiut,GL,66.9395,-53.6735,38.44,56,100,1.92,overcast clouds
579,Sivas,TR,39.7916,37.0019,36.23,86,0,0.0,clear sky
580,Fare,PF,-16.7,-151.0167,80.46,71,7,9.6,clear sky
581,Stranda,NO,62.3096,6.9358,54.36,80,97,1.74,light rain
582,Waipawa,NZ,-41.4122,175.5153,53.24,61,3,17.54,clear sky
583,Mbandaka,CD,0.0487,18.2603,70.84,96,100,2.46,overcast clouds
584,Banamba,ML,13.55,-7.45,87.03,27,27,4.29,scattered clouds
585,Mildura,AU,-34.2,142.15,54.0,71,84,12.71,broken clouds
586,Halifax,CA,44.6453,-63.5724,54.34,69,40,12.66,scattered clouds
587,Medea,DZ,36.2642,2.7539,68.77,39,1,5.84,clear sky
588,Vila Franca Do Campo,PT,37.7167,-25.4333,65.19,82,96,2.37,overcast clouds
589,Thurso,GB,58.5927,-3.5259,50.25,88,100,7.25,overcast clouds
590,Muros,ES,42.7762,-9.0603,65.08,73,72,10.85,broken clouds
591,Enshi,CN,30.3,109.4833,63.97,90,100,1.23,overcast clouds
592,Walvis Bay,NA,-22.9575,14.5053,54.09,76,0,3.44,clear sky
593,Batouri,CM,4.4333,14.3667,69.35,98,100,1.3,overcast clouds
594,Qaqortoq,GL,60.7167,-46.0333,38.68,80,23,3.58,few clouds
595,Vestmannaeyjar,IS,63.4427,-20.2734,49.93,81,100,3.51,overcast clouds
596,Gritsovskiy,RU,54.1376,38.1604,39.04,67,99,5.93,overcast clouds
597,Boende,CD,-0.2167,20.8667,70.75,99,100,1.25,overcast clouds
598,Partenit,UA,44.578,34.3446,58.21,58,68,5.75,broken clouds
599,Zhigansk,RU,66.7697,123.3711,34.48,89,59,6.02,broken clouds
600,Namli,IN,23.4333,75.05,80.17,64,0,17.69,clear sky
601,Ocampo,MX,21.65,-101.5,81.88,13,6,13.89,clear sky
602,Hovd,MN,48.0056,91.6419,56.66,48,4,4.54,clear sky
603,Narasannapeta,IN,18.4167,84.05,83.17,79,100,8.21,overcast clouds
604,Porto Santo,PT,33.072,-16.3415,64.78,77,20,12.66,few clouds
605,Esperance,AU,-33.8667,121.9,60.6,72,53,6.46,broken clouds
606,Rio Gallegos,AR,-51.6226,-69.2181,39.25,87,40,4.61,scattered clouds
607,Camiri,BO,-20.05,-63.5167,69.58,35,52,0.0,broken clouds
608,Gornopravdinsk,RU,60.05,69.9,39.04,84,87,11.99,overcast clouds
609,Pareora,NZ,-44.4871,171.2132,48.7,42,1,4.41,clear sky
610,Katobu,ID,-4.9408,122.5276,77.47,84,100,3.74,overcast clouds
611,Iquitos,PE,-3.7481,-73.2472,77.04,78,75,3.44,broken clouds
612,Pires Do Rio,BR,-17.2997,-48.2794,55.51,42,0,3.89,clear sky
613,Kodinsk,RU,58.6881,99.1844,56.62,60,45,2.73,scattered clouds
614,High Rock,BS,26.6208,-78.2833,78.82,77,100,7.87,overcast clouds
615,Zhongshu,CN,24.5167,103.7667,56.55,96,100,2.46,overcast clouds
616,Zhuhai,CN,22.2769,113.5678,78.85,94,20,5.75,few clouds
617,Inongo,CD,-1.95,18.2667,70.18,96,100,4.14,overcast clouds
618,Doha,QA,25.2867,51.5333,94.98,24,0,12.66,clear sky
619,Izhma,RU,65.0083,53.9113,31.39,84,99,8.57,overcast clouds
620,Placido De Castro,BR,-10.3353,-67.1856,70.54,68,29,2.42,scattered clouds
621,Ejido,VE,8.5514,-71.2375,70.2,86,71,4.29,broken clouds
622,Mayo,US,38.8876,-76.5119,90.12,72,0,6.91,haze
623,Tiznit,MA,29.5833,-9.5,67.17,74,75,2.08,broken clouds
624,Vallenar,CL,-28.5708,-70.7581,64.11,39,0,1.74,clear sky
625,Venice,US,27.0998,-82.4543,86.05,79,0,9.22,clear sky
626,Rocha,UY,-34.4833,-54.3333,49.03,83,25,5.66,scattered clouds
627,Kyabe,TD,9.4515,18.9449,80.01,69,100,8.95,overcast clouds
628,Saldanha,ZA,-33.0117,17.9442,51.85,72,1,14.63,clear sky
629,Puerto Escondido,MX,15.85,-97.0667,86.83,74,20,19.57,few clouds
630,Port Hardy,CA,50.6996,-127.4199,53.78,76,20,9.22,few clouds
631,Slave Lake,CA,55.2834,-114.769,49.98,46,20,14.97,few clouds
632,Alexandria,EG,31.2156,29.9553,66.92,78,0,15.32,clear sky
633,Krasnaya Gorka,RU,55.1962,56.6673,43.47,77,100,6.26,overcast clouds
634,Ostersund,SE,63.1792,14.6357,51.62,66,20,9.22,few clouds
635,Grebenskaya,RU,43.5317,46.3733,54.99,71,97,16.87,overcast clouds
636,Manitouwadge,CA,49.1215,-85.8403,54.64,70,100,7.72,overcast clouds
637,Kedgwick,CA,47.6446,-67.3434,56.07,65,65,9.17,broken clouds
638,Keelung,TW,25.1283,121.7419,73.11,86,99,7.78,overcast clouds
639,Ust-Maya,RU,60.4167,134.5333,43.41,63,100,9.26,overcast clouds
640,Mount Isa,AU,-20.7333,139.5,65.97,68,0,5.75,clear sky
641,Diffa,NE,13.3154,12.6113,87.44,14,11,7.25,few clouds
642,Porirua,NZ,-41.1333,174.85,56.55,70,26,23.47,scattered clouds
643,Kawardha,IN,22.0167,81.25,88.25,39,5,8.41,clear sky
644,Ayan,RU,56.45,138.1667,31.59,97,100,13.29,snow
645,Gravdal,NO,68.1214,13.5031,44.98,98,100,6.85,overcast clouds
646,General Salgado,BR,-20.6483,-50.3606,55.2,52,0,4.59,clear sky
647,Umm Kaddadah,SD,13.6017,26.6876,83.93,10,12,15.99,few clouds
648,Clonakilty,IE,51.6231,-8.8706,50.09,90,50,10.96,scattered clouds
649,Den Helder,NL,52.9599,4.7593,55.38,90,100,13.0,overcast clouds
650,Kizukuri,JP,40.8061,140.3861,70.11,45,78,4.7,broken clouds
651,Jiuquan,CN,39.7432,98.5174,63.41,28,83,3.22,broken clouds
652,Calais,FR,50.9167,1.8333,57.22,86,23,22.12,few clouds
653,Tabou,CI,4.423,-7.3528,77.97,86,100,9.42,overcast clouds
654,Krutinka,RU,56.0055,71.5113,45.63,71,84,10.04,light rain
655,Neftegorsk,RU,52.802,51.166,39.65,86,100,13.73,overcast clouds
656,Srivardhan,IN,18.0333,73.0167,81.63,82,100,6.69,overcast clouds
657,Gizo,SB,-8.103,156.8419,83.98,69,5,6.33,clear sky
658,New Castle,US,41.0037,-80.347,83.48,60,20,4.61,few clouds
659,Troianul,RO,44.0,25.0,59.74,52,21,6.33,few clouds
660,Chapais,CA,49.7834,-74.8492,56.98,62,100,18.68,overcast clouds
661,Sikonge,TZ,-5.6333,32.7667,63.61,60,100,3.29,overcast clouds
662,Sonoita,MX,31.85,-112.8333,81.41,26,0,29.59,clear sky
663,Pakxan,LA,18.3778,103.6601,74.21,98,100,2.59,overcast clouds
664,Asbe Teferi,ET,9.0833,40.8667,62.29,65,77,7.2,broken clouds
665,Kataysk,RU,56.289,62.5841,43.48,79,100,5.08,light rain
666,Marzuq,YE,14.4,46.4667,74.73,28,40,3.42,scattered clouds
667,Colares,PT,38.7992,-9.4469,79.79,63,100,7.0,light rain
668,Jacareacanga,BR,-6.2222,-57.7528,72.91,74,3,2.13,clear sky
669,Kysyl-Syr,RU,63.8986,122.7617,49.05,49,12,2.73,few clouds
670,Solnechnyy,RU,50.7214,136.6319,44.58,98,100,2.8,overcast clouds
671,Puerto Colombia,CO,10.9878,-74.9547,86.09,78,92,5.91,overcast clouds
672,Kaputa,ZM,-8.4689,29.6619,66.81,74,94,2.35,overcast clouds
673,Daru,PG,-9.0763,143.2092,82.72,71,56,10.78,broken clouds
674,Mangrol,IN,21.1167,70.1167,82.06,78,5,15.82,clear sky
675,Santa Rosa,PH,14.3122,121.1114,78.78,91,99,0.87,overcast clouds
676,Khakhea,BW,-24.6895,23.494,42.71,77,5,14.85,clear sky
677,Teknaf,BD,20.8624,92.3058,80.46,87,88,1.03,overcast clouds
678,Bambari,CF,5.768,20.6757,70.52,93,97,3.58,overcast clouds
679,Kolokani,ML,13.5728,-8.0339,88.36,24,54,2.51,broken clouds
680,Providencia,MX,28.7167,-111.5833,93.2,40,0,18.28,clear sky
681,Shahr-E Babak,IR,30.1165,55.1186,69.78,14,0,2.53,clear sky
682,Lorton,US,38.7043,-77.2278,92.01,55,0,6.91,clear sky
683,Oistins,BB,13.0667,-59.5333,82.49,74,20,19.57,few clouds
684,Landeck,AT,47.1301,10.5636,57.94,85,100,7.14,overcast clouds
685,Molchanovo,RU,57.5817,83.7692,50.54,77,50,12.48,scattered clouds
686,Bianzhuang,CN,34.8486,118.0447,71.94,41,19,3.27,few clouds
687,Zhaoyang,CN,42.682,126.0305,64.6,60,60,9.69,broken clouds
688,Utinga,BR,-5.8172,-35.3954,83.25,83,40,8.05,light rain
